"evgLocus_scallop_AF_4489_XP_013068752.1_PREDICTED:_proton_myo-inositol_cotransporter-like_[Biomphalaria_glabrata]"	"evgLocus_FX_17368_XP_005103578.2_PREDICTED:_solute_carrier_family_2,_facilitated_glucose_transporter_member_1-like_[Aplysia_californica]"	"evgLocus_strawberry_AF_38153_XP_005104554.1_PREDICTED:_proton_myo-inositol_cotransporter-like_[Aplysia_californica]"	"evgLocus_FX_25709_XP_013071448.1_PREDICTED:_solute_carrier_family_2,_facilitated_glucose_transporter_member_8-like_[Biomphalaria_glabrata]"	"evgLocus_FX_17922_XP_012941924.1_PREDICTED:_proton_myo-inositol_cotransporter-like_[Aplysia_californica]"	"evgLocus_Stringtie_DRR_10844_XP_013064713.1_PREDICTED:_synaptic_vesicle_2-related_protein-like_[Biomphalaria_glabrata]"	"evgLocus_Trinity_AG_91154_XP_012935574.1_PREDICTED:_proton_myo-inositol_cotransporter-like_[Aplysia_californica]"	"evgLocus_strawberry_AE_40006_XP_013072719.1_PREDICTED:_synaptic_vesicle_2-related_protein-like_[Biomphalaria_glabrata]"	"evgLocus_Trinity_AE_23542_XP_013061478.1_PREDICTED:_organic_cation_transporter_protein-like_isoform_X1_[Biomphalaria_glabrata]"	"evgLocus_strawberry_AG_44266_XP_012943445.1_PREDICTED:_organic_cation_transporter_protein-like_isoform_X1_[Aplysia_californica]"	"evgLocus_scallop_AH_25243_XP_005099478.1_PREDICTED:_organic_cation/carnitine_transporter_7-like_[Aplysia_californica]"	"evgLocus_FX_23696_XP_013070181.1_PREDICTED:_synaptic_vesicle_glycoprotein_2C-like_isoform_X1_[Biomphalaria_glabrata]"	"evgLocus_Trinity_AE_46628_XP_013085024.1_PREDICTED:_solute_carrier_family_2,_facilitated_glucose_transporter_member_1-like_isoform_X3_[Biomphalaria_glabrata]"	"evgLocus_Stringtie_DRR_31419_XP_005102920.2_PREDICTED:_solute_carrier_family_2,_facilitated_glucose_transporter_member_1-like_[Aplysia_californica]"	"evgLocus_Scallop_DRR_67189_XP_005089749.1_PREDICTED:_solute_carrier_family_22_member_5-like_[Aplysia_californica]"	"evgLocus_scallop_AG_13696_XP_013087453.1_PREDICTED:_solute_carrier_family_2,_facilitated_glucose_transporter_member_1-like_[Biomphalaria_glabrata]"	"evgLocus_scallop_AG_15253_XP_005103413.2_PREDICTED:_organic_cation_transporter_protein-like_[Aplysia_californica]"	"evgLocus_Trinity_GG_DRR_84549_XP_005092439.2_PREDICTED:_organic_cation_transporter_protein-like_[Aplysia_californica]"	"evgLocus_Scallop_AE_10259_XP_013067105.1_PREDICTED:_echinoderm_microtubule-associated_protein-like_2_isoform_X3_[Biomphalaria_glabrata]"	"evgLocus_stringtie_AG_49189_XP_013087804.1_PREDICTED:_solute_carrier_family_22_member_5-like_[Biomphalaria_glabrata]"	"evgLocus_stringtie_AF_42673_XP_005092439.2_PREDICTED:_organic_cation_transporter_protein-like_[Aplysia_californica]"	"evgLocus_FX_18371_XP_013071351.1_PREDICTED:_uncharacterized_protein_LOC106058466_[Biomphalaria_glabrata]"	"evgLocus_FX_25380_XP_013076156.1_PREDICTED:_probable_anion_transporter_4,_chloroplastic_[Biomphalaria_glabrata]"	"evgLocus_Trinity_AG_48745_XP_013075969.1_PREDICTED:_monocarboxylate_transporter_12-like_isoform_X1_[Biomphalaria_glabrata]"	"evgLocus_Strawberry_DRR_20736_XP_012941139.1_PREDICTED:_uncharacterized_protein_LOC101846752_isoform_X1_[Aplysia_californica]"	"evgLocus_scallop_AF_13224_XP_012941139.1_PREDICTED:_uncharacterized_protein_LOC101846752_isoform_X1_[Aplysia_californica]"	"evgLocus_FX_27717_XP_013087826.1_PREDICTED:_major_facilitator_superfamily_domain-containing_protein_10-like_isoform_X2_[Biomphalaria_glabrata]"	"evgLocus_FX_16976_XP_012938009.1_PREDICTED:_sialin-like_[Aplysia_californica]"	"evgLocus_FX_23818_BAG83236.1_vesicular_glutamate_transporter_[Lymnaea_stagnalis]"	"evgLocus_Trinity_AG_30727_XP_013079703.1_PREDICTED:_solute_carrier_family_17_member_9-like_[Biomphalaria_glabrata]"	"evgLocus_strawberry_AG_35873_XP_012945000.1_PREDICTED:_sialin-like_[Aplysia_californica]"	"evgLocus_Scallop_AE_38646_XP_013079997.1_PREDICTED:_sialin-like_[Biomphalaria_glabrata]"	"evgLocus_scallop_AH_3269_XP_005090718.1_PREDICTED:_uncharacterized_transporter_slc-17.2-like_[Aplysia_californica]"	"evgLocus_Scallop_AE_27882_XP_005101701.2_PREDICTED:_solute_carrier_family_17_member_9-like_[Aplysia_californica]"	"evgLocus_Trinity_AF_31803_XP_012937209.1_PREDICTED:_sialin-like_[Aplysia_californica]"	"evgLocus_FX_22891_XP_013096026.1_PREDICTED:_sialin-like_[Biomphalaria_glabrata]"	"evgLocus_Trinity_AH_61928_XP_013079703.1_PREDICTED:_solute_carrier_family_17_member_9-like_[Biomphalaria_glabrata]"	"evgLocus_Trinity_AE_24397_XP_012942927.1_PREDICTED:_uncharacterized_transporter_slc-17.2-like_[Aplysia_californica]"	"evgLocus_Strawberry_DRR_6909_XP_013064858.1_PREDICTED:_sialin-like_[Biomphalaria_glabrata]"	"evgLocus_Scallop_AE_31690_XP_013074828.1_PREDICTED:_vesicular_glutamate_transporter_1-like_[Biomphalaria_glabrata]"	"evgLocus_FX_17183_XP_013079997.1_PREDICTED:_sialin-like_[Biomphalaria_glabrata]"	"evgLocus_Scallop_DRR_48870_XP_013086318.1_PREDICTED:_sialin-like_[Biomphalaria_glabrata]"	"evgLocus_FX_20358_XP_013077256.1_PREDICTED:_monocarboxylate_transporter_5-like_[Biomphalaria_glabrata]"	"evgLocus_strawberry_AH_22240_XP_013071846.1_PREDICTED:_monocarboxylate_transporter_5-like_[Biomphalaria_glabrata]"	"evgLocus_Strawberry_DRR_65122_XP_013086072.1_PREDICTED:_monocarboxylate_transporter_2-like_[Biomphalaria_glabrata]"	"evgLocus_FX_20620_XP_005106156.2_PREDICTED:_monocarboxylate_transporter_12-like_[Aplysia_californica]"	"evgLocus_FX_21165_XP_013069403.1_PREDICTED:_uncharacterized_protein_LOC106056971_[Biomphalaria_glabrata]"	"evgLocus_FX_19881_XP_013066899.1_PREDICTED:_monocarboxylate_transporter_5-like_[Biomphalaria_glabrata]"	"evgLocus_FX_16632_XP_013078022.1_PREDICTED:_uncharacterized_protein_LOC106064073_[Biomphalaria_glabrata]"	"evgLocus_FX_28182_XP_013075446.1_PREDICTED:_monocarboxylate_transporter_13-like_[Biomphalaria_glabrata]"	"evgLocus_Scallop_AE_30305_XP_013069776.1_PREDICTED:_monocarboxylate_transporter_12-like_[Biomphalaria_glabrata]"	"evgLocus_strawberry_AG_8304_AAO83851.1_vesicular_monoamine_transporter_[Lymnaea_stagnalis]"	"evgLocus_Scallop_AE_32894_XP_013078022.1_PREDICTED:_uncharacterized_protein_LOC106064073_[Biomphalaria_glabrata]"	"evgLocus_Scallop_AE_14143_XP_012943329.1_PREDICTED:_monocarboxylate_transporter_14-like,_partial_[Aplysia_californica]"	"evgLocus_FX_23307_XP_013086072.1_PREDICTED:_monocarboxylate_transporter_2-like_[Biomphalaria_glabrata]"	"evgLocus_Scallop_DRR_21009_XP_013072558.1_PREDICTED:_uncharacterized_protein_LOC106059482_[Biomphalaria_glabrata]"	"evgLocus_scallop_AG_31942_XP_013075524.1_PREDICTED:_monocarboxylate_transporter_12-B-like_[Biomphalaria_glabrata]"	"evgLocus_Trinity_AE_127659_XP_013084428.1_PREDICTED:_uncharacterized_protein_LOC106069337_[Biomphalaria_glabrata]"	"evgLocus_FX_20946_XP_013081993.1_PREDICTED:_monocarboxylate_transporter_10-like_[Biomphalaria_glabrata]"	"evgLocus_FX_24323_XP_013061330.1_PREDICTED:_monocarboxylate_transporter_14-like,_partial_[Biomphalaria_glabrata]"	"evgLocus_scallop_AH_33610_XP_013078022.1_PREDICTED:_uncharacterized_protein_LOC106064073_[Biomphalaria_glabrata]"	"evgLocus_FX_16756_XP_013065555.1_PREDICTED:_monocarboxylate_transporter_9-like_[Biomphalaria_glabrata]"	"evgLocus_FX_23600_XP_012943228.1_PREDICTED:_major_facilitator_superfamily_domain-containing_protein_8-like_[Aplysia_californica]"	"evgLocus_FX_19279_XP_013074464.1_PREDICTED:_hippocampus_abundant_transcript_1_protein-like_[Biomphalaria_glabrata]"	"evgLocus_FX_27374_XP_013081437.1_PREDICTED:_solute_carrier_family_22_member_18-like_[Biomphalaria_glabrata]"	"evgLocus_scallop_AF_34916_XP_013082003.1_PREDICTED:_major_facilitator_superfamily_domain-containing_protein_9-like_[Biomphalaria_glabrata]"	"evgLocus_Scallop_DRR_62667_XP_005092267.1_PREDICTED:_sugar_phosphate_exchanger_3-like_isoform_X2_[Aplysia_californica]"	"evgLocus_FX_24578_XP_012935283.1_PREDICTED:_sugar_phosphate_exchanger_2-like_[Aplysia_californica]"	"evgLocus_FX_24550_XP_013080975.1_PREDICTED:_oxalate:formate_antiporter-like_isoform_X1_[Biomphalaria_glabrata]"	"evgLocus_Trinity_AH_84327_XP_013070457.1_PREDICTED:_uncharacterized_protein_LOC106057685_[Biomphalaria_glabrata]"	"evgLocus_scallop_AG_10084_XP_013082843.1_PREDICTED:_MFS-type_transporter_SLC18B1-like_[Biomphalaria_glabrata]"	"evgLocus_strawberry_AG_15875_XP_013082837.1_PREDICTED:_MFS-type_transporter_SLC18B1-like_isoform_X1_[Biomphalaria_glabrata]"	"evgLocus_FX_56364_XP_013087085.1_PREDICTED:_synaptic_vesicular_amine_transporter-like_[Biomphalaria_glabrata]"	"evgLocus_strawberry_AE_61072_XP_013087085.1_PREDICTED:_synaptic_vesicular_amine_transporter-like_[Biomphalaria_glabrata]"	"evgLocus_scallop_AF_27662_XP_013093932.1_PREDICTED:_MFS-type_transporter_SLC18B1-like_[Biomphalaria_glabrata]"	"evgLocus_FX_20779_AAO83850.1_vesicular_acetylcholine_transporter_[Lymnaea_stagnalis]"	"evgLocus_scallop_AG_36179_XP_012939255.1_PREDICTED:_uncharacterized_protein_LOC101862877,_partial_[Aplysia_californica]"	"evgLocus_FX_20684_XP_005104218.1_PREDICTED:_uncharacterized_protein_LOC101859427_[Aplysia_californica]"	"evgLocus_FX_20532_XP_013081611.1_PREDICTED:_putative_glycerol-3-phosphate_transporter_5_[Biomphalaria_glabrata]"	"evgLocus_scallop_AG_22623_XP_005094595.1_PREDICTED:_protein_spinster_homolog_1-like_isoform_X1_[Aplysia_californica]"	"evgLocus_Trinity_AH_111098_XP_013065609.1_PREDICTED:_glucose-6-phosphate_translocase-like_[Biomphalaria_glabrata]"	"evgLocus_Trinity_AG_112817_XP_013065609.1_PREDICTED:_glucose-6-phosphate_translocase-like_[Biomphalaria_glabrata]"	"evgLocus_FX_21179_XP_012944820.1_PREDICTED:_protein_spinster_homolog_1-like_isoform_X5_[Aplysia_californica]"
"evgLocus_FX_24999_XP_013079177.1_PREDICTED:_thioredoxin-1-like,_partial_[Biomphalaria_glabrata]"	"evgLocus_Trinity_AE_85782_XP_005094049.1_PREDICTED:_protein_disulfide-isomerase_A5-like_[Aplysia_californica]"	"evgLocus_FX_26546_XP_005111329.1_PREDICTED:_thioredoxin-like_protein_1_isoform_X1_[Aplysia_californica]"	"evgLocus_FX_20932_XP_013072170.1_PREDICTED:_protein_disulfide-isomerase_A6-like_[Biomphalaria_glabrata]"	"evgLocus_FX_19360_XP_005094049.1_PREDICTED:_protein_disulfide-isomerase_A5-like_[Aplysia_californica]"	"evgLocus_FPS_1733_XP_013068616.1_PREDICTED:_thioredoxin,_mitochondrial-like_[Biomphalaria_glabrata]"	"evgLocus_FX_18322_XP_013077736.1_PREDICTED:_protein_disulfide-isomerase-like_[Biomphalaria_glabrata]"	"evgLocus_Trinity_AE_85781_XP_013086306.1_PREDICTED:_protein_disulfide-isomerase_A5-like_[Biomphalaria_glabrata]"	"evgLocus_FX_29310_XP_013086617.1_PREDICTED:_thioredoxin_domain-containing_protein_5-like_[Biomphalaria_glabrata]"	"evgLocus_strawberry_AH_62154_XP_013074305.1_PREDICTED:_thioredoxin_domain-containing_protein_9-like_[Biomphalaria_glabrata]"	"evgLocus_Trinity_AH_134604_XP_013085544.1_PREDICTED:_thioredoxin_domain-containing_protein_3_homolog_isoform_X1_[Biomphalaria_glabrata]"	"evgLocus_FPS_855_XP_005094049.1_PREDICTED:_protein_disulfide-isomerase_A5-like_[Aplysia_californica]"	"evgLocus_FX_23005_XP_013083422.1_PREDICTED:_protein_disulfide-isomerase_A3-like_[Biomphalaria_glabrata]"	"evgLocus_FPS_7822_XP_013079177.1_PREDICTED:_thioredoxin-1-like,_partial_[Biomphalaria_glabrata]"	"evgLocus_stringtie_AF_17130_XP_009046138.1_hypothetical_protein_LOTGIDRAFT_171701_[Lottia_gigantea]"	"evgLocus_FX_26910_XP_013084576.1_PREDICTED:_glutaredoxin-3-like_[Biomphalaria_glabrata]"	"evgLocus_FX_17361_XP_013089019.1_PREDICTED:_protein_disulfide-isomerase_A4-like_[Biomphalaria_glabrata]"	"evgLocus_FX_16856_XP_013065580.1_PREDICTED:_endoplasmic_reticulum_resident_protein_44-like_[Biomphalaria_glabrata]"	"evgLocus_FX_17189_XP_005107831.2_PREDICTED:_protein_disulfide-isomerase_TMX3-like_[Aplysia_californica]"	"evgLocus_FX_17597utrorf_XP_013083248.1_PREDICTED:_thioredoxin-related_transmembrane_protein_2_homolog_isoform_X1_[Biomphalaria_glabrata]"	"evgLocus_FPS_2261_XP_013089368.1_PREDICTED:_thioredoxin-related_transmembrane_protein_1-like_[Biomphalaria_glabrata]"	"evgLocus_FX_20899_XP_013089368.1_PREDICTED:_thioredoxin-related_transmembrane_protein_1-like_[Biomphalaria_glabrata]"	"evgLocus_strawberry_AH_13365_XP_013078108.1_PREDICTED:_thioredoxin_domain-containing_protein_11-like_isoform_X1_[Biomphalaria_glabrata]"	"evgLocus_FX_23505_XP_005108979.2_PREDICTED:_sulfhydryl_oxidase_1-like_[Aplysia_californica]"	"evgLocus_FX_28302_XP_013083541.1_PREDICTED:_phosducin-like_protein_3_[Biomphalaria_glabrata]"	"evgLocus_FX_36449_XP_005105907.1_PREDICTED:_thioredoxin_domain-containing_protein_plp1-like_[Aplysia_californica]"	"evgLocus_FX_20959_XP_013094810.1_PREDICTED:_thioredoxin_domain-containing_protein_15-like_[Biomphalaria_glabrata]"	"evgLocus_Scallop_AE_38671_XP_005103066.1_PREDICTED:_thioredoxin_domain-containing_protein_16-like_[Aplysia_californica]"	"evgLocus_FX_22045_XP_013068730.1_PREDICTED:_LOW_QUALITY_PROTEIN:_dnaJ_homolog_subfamily_C_member_16-like_[Biomphalaria_glabrata]"	"evgLocus_FX_27700_XP_013074458.1_PREDICTED:_thioredoxin_domain-containing_protein-like_[Biomphalaria_glabrata]"	"evgLocus_FX_20313_XP_005095941.1_PREDICTED:_phosducin-like_protein_[Aplysia_californica]"
"evgLocus_Trinity_AG_4349_NP_001191541.1_glutamate_receptor_subunit_protein_GluR5_precursor_[Aplysia_californica]"	"evgLocus_FX_18618_AAP41206.1_glutamate_receptor_subunit_protein_GluR4_[Aplysia_californica]"	"evgLocus_Trinity_AF_81772_NP_001191542.1_glutamate_receptor_subunit_protein_GluR6_[Aplysia_californica]"	"evgLocus_FX_20287_XP_005107294.2_PREDICTED:_glutamate_receptor_ionotropic,_kainate_4-like_[Aplysia_californica]"	"evgLocus_scallop_AG_32790_NP_001191541.1_glutamate_receptor_subunit_protein_GluR5_precursor_[Aplysia_californica]"	"evgLocus_Strawberry_DRR_22588_XP_013081818.1_PREDICTED:_glutamate_receptor_ionotropic,_NMDA_2B-like_[Biomphalaria_glabrata]"	"evgLocus_FX_17854_NP_001191542.1_glutamate_receptor_subunit_protein_GluR6_[Aplysia_californica]"	"evgLocus_FX_17076_NP_001191485.1_NR2_[Aplysia_californica]"	"evgLocus_FX_19909_P26591.1_RecName:_Full=Glutamate_receptor;_Flags:_Precursor"	"evgLocus_strawberry_AF_15779_NP_001191540.1_glutamate_receptor_subunit_protein_GluR2_precursor_[Aplysia_californica]"	"evgLocus_FX_19753_NP_001191539.1_glutamate_receptor_subunit_protein_GluR1_precursor_[Aplysia_californica]"	"evgLocus_FX_18725_XP_005102071.2_PREDICTED:_glutamate_receptor_ionotropic,_kainate_3_[Aplysia_californica]"	"evgLocus_Trinity_GG_DRR_28841_XP_009064312.1_hypothetical_protein_LOTGIDRAFT_131225_[Lottia_gigantea]"	"evgLocus_Trinity_GG_DRR_75560_XP_013072954.1_PREDICTED:_glutamate_receptor_1-like,_partial_[Biomphalaria_glabrata]"	"evgLocus_Trinity_AE_24441_XP_012945575.1_PREDICTED:_glutamate_receptor_3-like_[Aplysia_californica]"	"evgLocus_FX_18551_XP_021345787.1_glutamate_receptor_4-like_[Mizuhopecten_yessoensis]"	"evgLocus_strawberry_AF_7153_NP_001191543.1_glutamate_receptor_subunit_protein_GluR7_precursor_[Aplysia_californica]"	"evgLocus_Trinity_AG_83842_NP_001191542.1_glutamate_receptor_subunit_protein_GluR6_[Aplysia_californica]"	"evgLocus_strawberry_AE_34164_XP_013081052.1_PREDICTED:_glutamate_receptor_ionotropic,_kainate_2-like_isoform_X1_[Biomphalaria_glabrata]"	"evgLocus_stringtie_AE_28436_XP_012940304.1_PREDICTED:_glutamate_receptor_ionotropic,_kainate_3-like_[Aplysia_californica]"	"evgLocus_FX_16972_XP_012938956.1_PREDICTED:_uncharacterized_protein_LOC101860416_[Aplysia_californica]"	"evgLocus_scallop_AF_4621_CAA60854.1_glutamate_receptor_InvGluR-K1_polypeptide_[Lymnaea_stagnalis]"	"evgLocus_FX_18690_XP_013077978.1_PREDICTED:_glutamate_receptor_2-like_[Biomphalaria_glabrata]"	"evgLocus_Stringtie_DRR_39190_OWF44765.1_Glutamate_receptor_ionotropic,_NMDA_3A_[Mizuhopecten_yessoensis]"	"evgLocus_Trinity_RF_Nov18_20632_OWF49654.1_Glutamate_receptor_ionotropic,_delta-1_[Mizuhopecten_yessoensis]"	"evgLocus_FX_19001_AAT40576.1_NMDA-type_glutamate_receptor_[Lymnaea_stagnalis]"	"evgLocus_Trinity_RF_Nov18_27402_XP_013092521.1_PREDICTED:_glutamate_receptor_ionotropic,_kainate_2-like_[Biomphalaria_glabrata]"
"evgLocus_Scallop_AE_33496_XP_013084812.1_PREDICTED:_synaptic_vesicle_membrane_protein_VAT-1_homolog-like_isoform_X1_[Biomphalaria_glabrata]"	"evgLocus_FX_28858_XP_013095397.1_PREDICTED:_quinone_oxidoreductase-like_isoform_X1_[Biomphalaria_glabrata]"	"evgLocus_scallop_AF_6442_XP_013065605.1_PREDICTED:_zinc-binding_alcohol_dehydrogenase_domain-containing_protein_2-like_[Biomphalaria_glabrata]"	"evgLocus_Trinity_AH_19452_XP_013095596.1_PREDICTED:_prostaglandin_reductase_1-like_[Biomphalaria_glabrata]"	"evgLocus_FX_16450_XP_013076947.1_PREDICTED:_fatty_acid_synthase-like_[Biomphalaria_glabrata]"	"evgLocus_scallop_AF_6441_XP_013065605.1_PREDICTED:_zinc-binding_alcohol_dehydrogenase_domain-containing_protein_2-like_[Biomphalaria_glabrata]"	"evgLocus_Trinity_AH_117207_XP_005104033.1_PREDICTED:_trans-2-enoyl-CoA_reductase,_mitochondrial-like_[Aplysia_californica]"	"evgLocus_strawberry_AH_7343_XP_005092255.1_PREDICTED:_quinone_oxidoreductase-like_protein_2_homolog_[Aplysia_californica]"	"evgLocus_Trinity_AE_18768_XP_013095596.1_PREDICTED:_prostaglandin_reductase_1-like_[Biomphalaria_glabrata]"	"evgLocus_Trinity_RF_Nov18_9811_XP_013095407.1_PREDICTED:_zeta-crystallin-like_[Biomphalaria_glabrata]"	"evgLocus_FX_27805_XP_005096625.2_PREDICTED:_quinone_oxidoreductase_PIG3-like_[Aplysia_californica]"	"evgLocus_FX_20507_XP_013071607.1_PREDICTED:_reticulon-4-interacting_protein_1_homolog,_mitochondrial-like_[Biomphalaria_glabrata]"	"evgLocus_Scallop_DRR_7507_XP_013073559.1_PREDICTED:_probable_cinnamyl_alcohol_dehydrogenase_6_[Biomphalaria_glabrata]"	"evgLocus_FX_30398_XP_005097374.1_PREDICTED:_prostaglandin_reductase_1-like_[Aplysia_californica]"	"evgLocus_Scallop_DRR_66115_XP_013089814.1_PREDICTED:_alcohol_dehydrogenase_class-3-like_[Biomphalaria_glabrata]"	"evgLocus_FX_27252_XP_013095123.1_PREDICTED:_sorbitol_dehydrogenase-like_[Biomphalaria_glabrata]"	"evgLocus_Scallop_AE_16252_XP_012938337.1_PREDICTED:_sorbitol_dehydrogenase-like_[Aplysia_californica]"	"evgLocus_FX_22899_XP_013082565.1_PREDICTED:_L-threonine_3-dehydrogenase-like_[Biomphalaria_glabrata]"	"evgLocus_FX_51987_XP_013095596.1_PREDICTED:_prostaglandin_reductase_1-like_[Biomphalaria_glabrata]"	"evgLocus_FX_28588_XP_005101735.1_PREDICTED:_prostaglandin_reductase_2-like_[Aplysia_californica]"	"evgLocus_scallop_AG_9097_XP_005097374.1_PREDICTED:_prostaglandin_reductase_1-like_[Aplysia_californica]"	"evgLocus_strawberry_AG_4656_XP_013083411.1_PREDICTED:_quinone_oxidoreductase-like_protein_1_isoform_X1_[Biomphalaria_glabrata]"
"evgLocus_FX_32069_XP_013064637.1_PREDICTED:_sodium-_and_chloride-dependent_taurine_transporter-like_[Biomphalaria_glabrata]"	"evgLocus_scallop_AG_18459_XP_019920092.1_PREDICTED:_sodium-_and_chloride-dependent_glycine_transporter_1_isoform_X1_[Crassostrea_gigas]"	"evgLocus_FX_22932_NP_001191502.1_serotonin_transporter_[Aplysia_californica]"	"evgLocus_FX_21639_XP_012944276.1_PREDICTED:_sodium-_and_chloride-dependent_glycine_transporter_1-like_[Aplysia_californica]"	"evgLocus_Trinity_AF_9610_XP_009060824.1_hypothetical_protein_LOTGIDRAFT_219163_[Lottia_gigantea]"	"evgLocus_FX_20687_XP_013070645.1_PREDICTED:_LOW_QUALITY_PROTEIN:_sodium-_and_chloride-dependent_GABA_transporter_1-like,_partial_[Biomphalaria_glabrata]"	"evgLocus_Trinity_AE_84409_XP_012941506.1_PREDICTED:_sodium-_and_chloride-dependent_transporter_XTRP3A-like_[Aplysia_californica]"	"evgLocus_Trinity_AF_55099_BAT68976.1_octopamine_transporter_[Ambigolimax_valentianus]"	"evgLocus_FX_17672_XP_005108791.1_PREDICTED:_sodium-dependent_neutral_amino_acid_transporter_B(0)AT3-like_[Aplysia_californica]"	"evgLocus_Trinity_AH_73500_XP_013063787.1_PREDICTED:_sodium-_and_chloride-dependent_glycine_transporter_1-like_isoform_X2_[Biomphalaria_glabrata]"	"evgLocus_Trinity_GG_DRR_62697_XP_013082423.1_PREDICTED:_sodium-_and_chloride-dependent_GABA_transporter_ine-like_[Biomphalaria_glabrata]"	"evgLocus_Scallop_DRR_51370_XP_021374721.1_sodium-dependent_dopamine_transporter-like_[Mizuhopecten_yessoensis]"	"evgLocus_FX_23546_XP_012946005.1_PREDICTED:_sodium-_and_chloride-dependent_glycine_transporter_1-like_[Aplysia_californica]"	"evgLocus_strawberry_AG_35869_XP_013060722.1_PREDICTED:_sodium-_and_chloride-dependent_glycine_transporter_2-like_isoform_X1_[Biomphalaria_glabrata]"	"evgLocus_Trinity_AE_86106_XP_012945377.1_PREDICTED:_uncharacterized_protein_LOC101851003_[Aplysia_californica]"	"evgLocus_FX_17545_XP_013079550.1_PREDICTED:_uncharacterized_protein_LOC106065310_[Biomphalaria_glabrata]"	"evgLocus_FX_18840_XP_013085025.1_PREDICTED:_sodium-_and_chloride-dependent_betaine_transporter-like_isoform_X1_[Biomphalaria_glabrata]"	"evgLocus_strawberry_AH_51353_XP_013070123.1_PREDICTED:_sodium-_and_chloride-dependent_glycine_transporter_1-like_[Biomphalaria_glabrata]"	"evgLocus_strawberry_AH_25402_XP_013091211.1_PREDICTED:_sodium-dependent_proline_transporter-like_isoform_X2_[Biomphalaria_glabrata]"	"evgLocus_FX_16477_XP_012945377.1_PREDICTED:_uncharacterized_protein_LOC101851003_[Aplysia_californica]"
"evgLocus_strawberry_AH_40622_XP_009048269.1_hypothetical_protein_LOTGIDRAFT_225521_[Lottia_gigantea]"	"evgLocus_scallop_AH_3612_XP_013070308.1_PREDICTED:_dynein_heavy_chain_1,_axonemal-like_isoform_X2_[Biomphalaria_glabrata]"	"evgLocus_stringtie_AH_36199_XP_022324922.1_cytoplasmic_dynein_2_heavy_chain_1-like_isoform_X3_[Crassostrea_virginica]"	"evgLocus_strawberry_AH_59138_XP_013086882.1_PREDICTED:_dynein_heavy_chain_10,_axonemal-like_isoform_X3_[Biomphalaria_glabrata]"	"evgLocus_stringtie_AH_42747_XP_013060690.1_PREDICTED:_dynein_heavy_chain_5,_axonemal-like_[Biomphalaria_glabrata]"	"evgLocus_FX_16370_XP_013067133.1_PREDICTED:_cytoplasmic_dynein_1_heavy_chain_1-like_isoform_X2_[Biomphalaria_glabrata]"	"evgLocus_Stringtie_DRR_35021_XP_013069322.1_PREDICTED:_LOW_QUALITY_PROTEIN:_dynein_heavy_chain_6,_axonemal-like_[Biomphalaria_glabrata]"	"evgLocus_stringtie_AH_8549_XP_013070297.1_PREDICTED:_dynein_heavy_chain_5,_axonemal-like_[Biomphalaria_glabrata]"	"evgLocus_Scallop_DRR_34080_XP_013075457.1_PREDICTED:_dynein_heavy_chain_2,_axonemal-like_isoform_X2_[Biomphalaria_glabrata]"	"evgLocus_scallop_AH_26511_XP_013079524.1_PREDICTED:_dynein_heavy_chain_6,_axonemal-like_isoform_X4_[Biomphalaria_glabrata]"	"evgLocus_Trinity_AH_76081_XP_012945885.1_PREDICTED:_cytoplasmic_dynein_2_heavy_chain_1-like_[Aplysia_californica]"	"evgLocus_Stringtie_DRR_1883_XP_009055556.1_hypothetical_protein_LOTGIDRAFT_182347_[Lottia_gigantea]"	"evgLocus_stringtie_AG_12277_XP_013086066.1_PREDICTED:_midasin-like_isoform_X1_[Biomphalaria_glabrata]"	"evgLocus_scallop_AH_42089_XP_005100871.1_PREDICTED:_von_Willebrand_factor_A_domain-containing_protein_8-like_[Aplysia_californica]"
"evgLocus_Trinity_AF_27410_XP_005093623.1_PREDICTED:_MAP_kinase-activating_death_domain_protein-like_isoform_X1_[Aplysia_californica]"	"evgLocus_Trinity_AF_27409_XP_012935308.1_PREDICTED:_MAP_kinase-activating_death_domain_protein-like_isoform_X3_[Aplysia_californica]"	"evgLocus_Strawberry_DRR_66411_XP_013096531.1_PREDICTED:_DENN_domain-containing_protein_2A-like_isoform_X1_[Biomphalaria_glabrata]"	"evgLocus_Trinity_GG_DRR_13799_XP_013077507.1_PREDICTED:_DENN_domain-containing_protein_3-like_[Biomphalaria_glabrata]"	"evgLocus_strawberry_AG_17458_XP_013088589.1_PREDICTED:_MAP_kinase-activating_death_domain_protein-like_isoform_X13_[Biomphalaria_glabrata]"	"evgLocus_scallop_AG_11188_XP_013096095.1_PREDICTED:_DENN_domain-containing_protein_4B-like_[Biomphalaria_glabrata]"	"evgLocus_FX_18266_XP_013061458.1_PREDICTED:_DENN_domain-containing_protein_5B-like_isoform_X3_[Biomphalaria_glabrata]"	"evgLocus_stringtie_AH_52686_XP_013061461.1_PREDICTED:_DENN_domain-containing_protein_5B-like_isoform_X6_[Biomphalaria_glabrata]"	"evgLocus_Trinity_AF_27394_XP_005093623.1_PREDICTED:_MAP_kinase-activating_death_domain_protein-like_isoform_X1_[Aplysia_californica]"	"evgLocus_strawberry_AF_54217_XP_013060501.1_PREDICTED:_DENN_domain-containing_protein_1A-like_[Biomphalaria_glabrata]"	"evgLocus_Trinity_AF_27397_XP_012935308.1_PREDICTED:_MAP_kinase-activating_death_domain_protein-like_isoform_X3_[Aplysia_californica]"	"evgLocus_Scallop_DRR_40236_XP_013091038.1_PREDICTED:_myotubularin-related_protein_13-like_[Biomphalaria_glabrata]"
"evgLocus_strawberry_AE_10913_*"	"evgLocus_stringtie_AH_26720_*"	"evgLocus_Strawberry_DRR_7972_*"	"evgLocus_strawberry_AF_11722_*"	"evgLocus_FX_17743_XP_013062318.1_PREDICTED:_BTB/POZ_domain-containing_protein_KCTD9-like_[Biomphalaria_glabrata]"	"evgLocus_Trinity_AG_53924_*"	"evgLocus_FX_36181_*"	"evgLocus_Trinity_AG_127582_*"	"evgLocus_Scallop_DRR_25816_*"	"evgLocus_Trinity_AF_71429_*"
"evgLocus_FX_19965_XP_013093196.1_PREDICTED:_glucose_dehydrogenase_[FAD,_quinone]-like_[Biomphalaria_glabrata]"	"evgLocus_FX_22840_XP_013078245.1_PREDICTED:_uncharacterized_GMC-type_oxidoreductase_Mb1310-like_[Biomphalaria_glabrata]"	"evgLocus_FX_18440_XP_005099797.1_PREDICTED:_uncharacterized_protein_LOC101846429_[Aplysia_californica]"	"evgLocus_FX_17644_XP_013093671.1_PREDICTED:_glucose_dehydrogenase_[FAD,_quinone]-like_[Biomphalaria_glabrata]"	"evgLocus_Scallop_DRR_47936_XP_013092990.1_PREDICTED:_glucose_dehydrogenase_[FAD,_quinone]-like_[Biomphalaria_glabrata]"	"evgLocus_scallop_AH_20580_XP_013089408.1_PREDICTED:_glucose_dehydrogenase_[FAD,_quinone]-like,_partial_[Biomphalaria_glabrata]"	"evgLocus_Scallop_DRR_56717_XP_013089408.1_PREDICTED:_glucose_dehydrogenase_[FAD,_quinone]-like,_partial_[Biomphalaria_glabrata]"	"evgLocus_stringtie_AF_28881_XP_013086582.1_PREDICTED:_glucose_dehydrogenase_[FAD,_quinone]-like_[Biomphalaria_glabrata]"	"evgLocus_FX_20015_XP_013096412.1_PREDICTED:_glucose_dehydrogenase_[FAD,_quinone]-like_[Biomphalaria_glabrata]"	"evgLocus_FX_25945_XP_013092990.1_PREDICTED:_glucose_dehydrogenase_[FAD,_quinone]-like_[Biomphalaria_glabrata]"
"evgLocus_Scallop_AE_40365_XP_012939837.1_PREDICTED:_chromosome_transmission_fidelity_protein_18_homolog_[Aplysia_californica]"	"evgLocus_FX_19000_XP_005108379.1_PREDICTED:_replication_factor_C_subunit_1-like_isoform_X3_[Aplysia_californica]"	"evgLocus_strawberry_AH_48728_XP_005096159.2_PREDICTED:_replication_factor_C_subunit_2-like_[Aplysia_californica]"	"evgLocus_Scallop_DRR_41730_XP_013087458.1_PREDICTED:_ATPase_family_AAA_domain-containing_protein_5-like_[Biomphalaria_glabrata]"	"evgLocus_FX_32433_XP_013070748.1_PREDICTED:_replication_factor_C_subunit_5-like_[Biomphalaria_glabrata]"	"evgLocus_Scallop_DRR_10747_XP_005108379.1_PREDICTED:_replication_factor_C_subunit_1-like_isoform_X3_[Aplysia_californica]"	"evgLocus_FX_26819_XP_013078986.1_PREDICTED:_replication_factor_C_subunit_4-like_isoform_X2_[Biomphalaria_glabrata]"	"evgLocus_Scallop_AE_17488_XP_005104521.1_PREDICTED:_replication_factor_C_subunit_3-like_[Aplysia_californica]"	"evgLocus_FX_24102_XP_005102626.1_PREDICTED:_ATPase_WRNIP1-like_isoform_X1_[Aplysia_californica]"
"evgLocus_FX_21228_XP_005111656.2_PREDICTED:_vesicle-trafficking_protein_SEC22b-like_isoform_X1_[Aplysia_californica]"	"evgLocus_FX_34650_XP_005092540.1_PREDICTED:_vesicle-associated_membrane_protein_7-like_[Aplysia_californica]"	"evgLocus_FPS_6687_XP_012943229.1_PREDICTED:_vesicle-associated_membrane_protein_7-like_[Aplysia_californica]"	"evgLocus_FPS_2218_XP_013095706.1_PREDICTED:_synaptobrevin_homolog_YKT6-like_[Biomphalaria_glabrata]"	"evgLocus_Trinity_AH_139152_XP_013079652.1_PREDICTED:_synaptobrevin_isoform_X1_[Biomphalaria_glabrata]"	"evgLocus_FX_37461_XP_013072802.1_PREDICTED:_vesicle-associated_membrane_protein_3-like_isoform_X1_[Biomphalaria_glabrata]"	"evgLocus_FX_30617_AAO83848.1_synaptobrevin_isoform_A_[Lymnaea_stagnalis]"	"evgLocus_FX_47962_XP_013068492.1_PREDICTED:_vesicle-associated_membrane_protein_4-like_[Biomphalaria_glabrata]"
"evgLocus_FX_18625_XP_013061644.1_PREDICTED:_sec1_family_domain-containing_protein_1-like_[Biomphalaria_glabrata]"	"evgLocus_Trinity_AH_133602_AAO83849.1_neural-specific_syntaxin-binding_protein_1_[Lymnaea_stagnalis]"	"evgLocus_FX_21948_XP_005107406.1_PREDICTED:_vacuolar_protein_sorting-associated_protein_45-like_[Aplysia_californica]"	"evgLocus_FX_22725_AAO83849.1_neural-specific_syntaxin-binding_protein_1_[Lymnaea_stagnalis]"	"evgLocus_FX_24427_XP_013096633.1_PREDICTED:_LOW_QUALITY_PROTEIN:_vacuolar_protein_sorting-associated_protein_33B-like_[Biomphalaria_glabrata]"	"evgLocus_FX_19284_XP_012945517.1_PREDICTED:_vacuolar_protein_sorting-associated_protein_33A-like_[Aplysia_californica]"
"evgLocus_Strawberry_DRR_14130_XP_005112519.2_PREDICTED:_disrupted_in_renal_carcinoma_protein_2_homolog_[Aplysia_californica]"	"evgLocus_FX_18062_XP_013087612.1_PREDICTED:_feline_leukemia_virus_subgroup_C_receptor-related_protein_2-like_[Biomphalaria_glabrata]"	"evgLocus_Trinity_GG_DRR_103790_XP_005112519.2_PREDICTED:_disrupted_in_renal_carcinoma_protein_2_homolog_[Aplysia_californica]"	"evgLocus_Trinity_GG_DRR_112266_XP_005112519.2_PREDICTED:_disrupted_in_renal_carcinoma_protein_2_homolog_[Aplysia_californica]"	"evgLocus_Scallop_AE_19525_XP_013070958.1_PREDICTED:_major_facilitator_superfamily_domain-containing_protein_7-a-like_isoform_X1_[Biomphalaria_glabrata]"	"evgLocus_Scallop_AE_36545_XP_021361906.1_disrupted_in_renal_carcinoma_protein_2_homolog_isoform_X4_[Mizuhopecten_yessoensis]"
"evgLocus_Scallop_DRR_42000_XP_013091171.1_PREDICTED:_protein_quaking-like_isoform_X3_[Biomphalaria_glabrata]"	"evgLocus_scallop_AF_24184_XP_013091170.1_PREDICTED:_protein_quaking-like_isoform_X2_[Biomphalaria_glabrata]"	"evgLocus_Scallop_AE_25801_XP_013095668.1_PREDICTED:_splicing_factor_1-like_[Biomphalaria_glabrata]"	"evgLocus_FX_19738_XP_013076155.1_PREDICTED:_KH_domain-containing,_RNA-binding,_signal_transduction-associated_protein_2-like_[Biomphalaria_glabrata]"	"evgLocus_FX_20947_XP_013095668.1_PREDICTED:_splicing_factor_1-like_[Biomphalaria_glabrata]"	"evgLocus_strawberry_AH_37068_XP_013091172.1_PREDICTED:_protein_quaking-B-like_isoform_X4_[Biomphalaria_glabrata]"
"evgLocus_FX_26392_XP_013095861.1_PREDICTED:_syntaxin-16-like_[Biomphalaria_glabrata]"	"evgLocus_FX_34028_XP_013076668.1_PREDICTED:_LOW_QUALITY_PROTEIN:_syntaxin-2-like_[Biomphalaria_glabrata]"	"evgLocus_FX_33327_XP_013079152.1_PREDICTED:_syntaxin-7-like_isoform_X2_[Biomphalaria_glabrata]"	"evgLocus_FX_19978_XP_005091515.1_PREDICTED:_syntaxin-7-like_[Aplysia_californica]"	"evgLocus_FX_27744_XP_013067147.1_PREDICTED:_syntaxin-5-like_[Biomphalaria_glabrata]"	"evgLocus_strawberry_AF_34611_AAO83845.1_syntaxin_1A_[Lymnaea_stagnalis]"
"evgLocus_FX_20890_XP_013096803.1_PREDICTED:_proton-coupled_folate_transporter-like_[Biomphalaria_glabrata]"	"evgLocus_Scallop_AE_6760_XP_013077657.1_PREDICTED:_solute_carrier_family_46_member_3-like_[Biomphalaria_glabrata]"	"evgLocus_stringtie_AE_55517_XP_013069210.1_PREDICTED:_proton-coupled_folate_transporter-like_isoform_X1_[Biomphalaria_glabrata]"	"evgLocus_FX_25440_XP_013063503.1_PREDICTED:_solute_carrier_family_46_member_3-like_[Biomphalaria_glabrata]"	"evgLocus_Trinity_AG_107196_XP_005107288.1_PREDICTED:_proton-coupled_folate_transporter-like_[Aplysia_californica]"	"evgLocus_FX_22347_XP_013067776.1_PREDICTED:_proton-coupled_folate_transporter-like_[Biomphalaria_glabrata]"
"evgLocus_Trinity_GG_DRR_31318_XP_022824855.1_piggyBac_transposable_element-derived_protein_4_[Spodoptera_litura]"	"evgLocus_Trinity_AE_95663_XP_012945289.1_PREDICTED:_multidrug_resistance_protein_1A-like_isoform_X6_[Aplysia_californica]"	"evgLocus_FX_17388_XP_013079035.1_PREDICTED:_multidrug_resistance_protein_1-like_[Biomphalaria_glabrata]"	"evgLocus_Trinity_GG_DRR_61202_XP_013089926.1_PREDICTED:_LOW_QUALITY_PROTEIN:_multidrug_resistance_protein_1-like,_partial_[Biomphalaria_glabrata]"	"evgLocus_FX_16979_XP_013089926.1_PREDICTED:_LOW_QUALITY_PROTEIN:_multidrug_resistance_protein_1-like,_partial_[Biomphalaria_glabrata]"	"evgLocus_FX_21606_XP_013071757.1_PREDICTED:_ATP-binding_cassette_sub-family_E_member_1-like_[Biomphalaria_glabrata]"
"evgLocus_Scallop_DRR_70095_XP_011446131.1_PREDICTED:_DNA_repair_protein_RAD51_homolog_2_isoform_X2_[Crassostrea_gigas]"	"evgLocus_FX_29057_XP_013082909.1_PREDICTED:_DNA_repair_protein_RAD51_homolog_3-like_[Biomphalaria_glabrata]"	"evgLocus_strawberry_AG_23172_XP_013089306.1_PREDICTED:_DNA_repair_protein_XRCC3-like_isoform_X1_[Biomphalaria_glabrata]"	"evgLocus_Trinity_AF_100943_XP_013096258.1_PREDICTED:_meiotic_recombination_protein_DMC1/LIM15_homolog_isoform_X1_[Biomphalaria_glabrata]"	"evgLocus_Trinity_AH_29803_XP_013084882.1_PREDICTED:_DNA_repair_protein_RAD51_homolog_4-like_isoform_X1_[Biomphalaria_glabrata]"	"evgLocus_FX_24626_XP_013065451.1_PREDICTED:_DNA_repair_protein_RAD51_homolog_1_[Biomphalaria_glabrata]"
"evgLocus_FX_26577_XP_013069511.1_PREDICTED:_uncharacterized_protein_LOC106057032_isoform_X3_[Biomphalaria_glabrata]"	"evgLocus_scallop_AF_3764_XP_013071553.1_PREDICTED:_ectoine_dioxygenase-like_[Biomphalaria_glabrata]"	"evgLocus_FX_22270_XP_012934983.1_PREDICTED:_phytanoyl-CoA_dioxygenase_domain-containing_protein_1-like_[Aplysia_californica]"	"evgLocus_FX_23362_XP_013084225.1_PREDICTED:_ectoine_dioxygenase-like_[Biomphalaria_glabrata]"	"evgLocus_FX_20142_XP_005092292.1_PREDICTED:_phytanoyl-CoA_dioxygenase,_peroxisomal-like_[Aplysia_californica]"
"evgLocus_Trinity_AE_130811_XP_013097018.1_PREDICTED:_multiple_coagulation_factor_deficiency_protein_2_homolog_isoform_X1_[Biomphalaria_glabrata]"	"evgLocus_strawberry_AH_31030_XP_013097022.1_PREDICTED:_multiple_coagulation_factor_deficiency_protein_2_homolog_isoform_X2_[Biomphalaria_glabrata]"	"evgLocus_Trinity_AF_134717_XP_013097025.1_PREDICTED:_multiple_coagulation_factor_deficiency_protein_2_homolog_isoform_X5_[Biomphalaria_glabrata]"	"evgLocus_FX_37195_XP_013097022.1_PREDICTED:_multiple_coagulation_factor_deficiency_protein_2_homolog_isoform_X2_[Biomphalaria_glabrata]"
"evgLocus_scallop_AG_36352_XP_013080729.1_PREDICTED:_G-protein_coupled_receptor_GRL101-like_[Biomphalaria_glabrata]"	"evgLocus_stringtie_AG_23385_XP_013076032.1_PREDICTED:_G-protein_coupled_receptor_GRL101-like_[Biomphalaria_glabrata]"	"evgLocus_Trinity_AG_140061_XP_013080729.1_PREDICTED:_G-protein_coupled_receptor_GRL101-like_[Biomphalaria_glabrata]"	"evgLocus_Trinity_AG_53476_*"
"evgLocus_FX_40533_XP_013088496.1_PREDICTED:_basic_phospholipase_A2_caudoxin-like_[Biomphalaria_glabrata]"	"evgLocus_scallop_AG_19545_XP_005104197.1_PREDICTED:_basic_phospholipase_A2-like_[Aplysia_californica]"	"evgLocus_Trinity_RF_Nov18_46168_XP_013093193.1_PREDICTED:_basic_phospholipase_A2_CM-III-like_[Biomphalaria_glabrata]"	"evgLocus_FX_28904_XP_013088496.1_PREDICTED:_basic_phospholipase_A2_caudoxin-like_[Biomphalaria_glabrata]"
"evgLocus_FX_17768_XP_021377099.1_excitatory_amino_acid_transporter_1-like_[Mizuhopecten_yessoensis]"	"evgLocus_strawberry_AH_53731_XP_012936207.1_PREDICTED:_excitatory_amino_acid_transporter_1-like_[Aplysia_californica]"	"evgLocus_FX_24638_BAG83235.2_excitatory_amino_acid_transporter_[Lymnaea_stagnalis]"	"evgLocus_scallop_AG_39143_XP_013076687.1_PREDICTED:_excitatory_amino_acid_transporter_3-like_[Biomphalaria_glabrata]"
"evgLocus_FX_21557_XP_013065676.1_PREDICTED:_uncharacterized_protein_LOC106054386_[Biomphalaria_glabrata]"	"evgLocus_Trinity_AF_49184_XP_013094907.1_PREDICTED:_sodium-dependent_glucose_transporter_1A-like_isoform_X1_[Biomphalaria_glabrata]"	"evgLocus_Trinity_AG_65102_XP_012939049.1_PREDICTED:_major_facilitator_superfamily_domain-containing_protein_4-like_[Aplysia_californica]"	"evgLocus_Trinity_AH_100708_XP_013095104.1_PREDICTED:_sodium-dependent_glucose_transporter_1-like_isoform_X2_[Biomphalaria_glabrata]"
"evgLocus_scallop_AH_30795_XP_013063886.1_PREDICTED:_solute_carrier_family_43_member_3-like_[Biomphalaria_glabrata]"	"evgLocus_Trinity_AE_113305_XP_013063886.1_PREDICTED:_solute_carrier_family_43_member_3-like_[Biomphalaria_glabrata]"	"evgLocus_scallop_AF_31238_XP_013063886.1_PREDICTED:_solute_carrier_family_43_member_3-like_[Biomphalaria_glabrata]"	"evgLocus_FX_28423_XP_013088409.1_PREDICTED:_solute_carrier_family_43_member_3-like_[Biomphalaria_glabrata]"
"evgLocus_FPS_5825_XP_013068699.1_PREDICTED:_alpha-ketoglutarate-dependent_dioxygenase_alkB_homolog_3-like_isoform_X1_[Biomphalaria_glabrata]"	"evgLocus_FX_24941_XP_013068699.1_PREDICTED:_alpha-ketoglutarate-dependent_dioxygenase_alkB_homolog_3-like_isoform_X1_[Biomphalaria_glabrata]"	"evgLocus_FX_27183_XP_005105094.1_PREDICTED:_alpha-ketoglutarate-dependent_dioxygenase_alkB_homolog_2-like_[Aplysia_californica]"
"evgLocus_stringtie_AH_5494_XP_013074839.1_PREDICTED:_uncharacterized_protein_LOC106061303_[Biomphalaria_glabrata]"	"evgLocus_Trinity_AF_132250_XP_013084232.1_PREDICTED:_uncharacterized_protein_LOC106069171_[Biomphalaria_glabrata]"	"evgLocus_Trinity_AG_24541_XP_013084232.1_PREDICTED:_uncharacterized_protein_LOC106069171_[Biomphalaria_glabrata]"
"evgLocus_stringtie_AF_31501_XP_012935046.1_PREDICTED:_cell_division_control_protein_6_homolog_[Aplysia_californica]"	"evgLocus_stringtie_AF_48893_XP_013090240.1_PREDICTED:_origin_recognition_complex_subunit_1-like_isoform_X1_[Biomphalaria_glabrata]"	"evgLocus_FX_27074_XP_005099548.1_PREDICTED:_origin_recognition_complex_subunit_4-like_[Aplysia_californica]"
"evgLocus_FX_24667_XP_005112030.1_PREDICTED:_splicing_factor_U2AF_26_kDa_subunit-like_[Aplysia_californica]"	"evgLocus_Trinity_AG_88056utrorf_XP_013066831.1_PREDICTED:_splicing_factor_U2AF_26_kDa_subunit-like_isoform_X3_[Biomphalaria_glabrata]"	"evgLocus_scallop_AG_880_XP_013066831.1_PREDICTED:_splicing_factor_U2AF_26_kDa_subunit-like_isoform_X3_[Biomphalaria_glabrata]"
"evgLocus_scallop_AG_14532_XP_012938018.1_PREDICTED:_V-type_proton_ATPase_116_kDa_subunit_a_isoform_1-like_isoform_X3_[Aplysia_californica]"	"evgLocus_FX_20630_XP_013069570.1_PREDICTED:_V-type_proton_ATPase_116_kDa_subunit_a_isoform_1-like_isoform_X4_[Biomphalaria_glabrata]"	"evgLocus_scallop_AH_11993_XP_013069561.1_PREDICTED:_V-type_proton_ATPase_116_kDa_subunit_a_isoform_1-like_isoform_X3_[Biomphalaria_glabrata]"
"evgLocus_scallop_AF_27658_XP_013093929.1_PREDICTED:_solute_carrier_organic_anion_transporter_family_member_5A1-like_[Biomphalaria_glabrata]"	"evgLocus_strawberry_AE_24208_XP_013073260.1_PREDICTED:_solute_carrier_organic_anion_transporter_family_member_4C1-like,_partial_[Biomphalaria_glabrata]"	"evgLocus_stringtie_AE_6015_XP_013067338.1_PREDICTED:_solute_carrier_organic_anion_transporter_family_member_4A1-like_[Biomphalaria_glabrata]"
"evgLocus_Stringtie_DRR_39058_XP_005098394.1_PREDICTED:_nucleoredoxin-like_[Aplysia_californica]"	"evgLocus_FX_23504_XP_013074893.1_PREDICTED:_nucleoredoxin-like_[Biomphalaria_glabrata]"	"evgLocus_FPS_9258_XP_013073587.1_PREDICTED:_tryparedoxin-like_isoform_X1_[Biomphalaria_glabrata]"
"evgLocus_Trinity_AE_62618_XP_013088955.1_PREDICTED:_RNA-binding_protein_MEX3B-like_[Biomphalaria_glabrata]"	"evgLocus_FX_44024_XP_013088955.1_PREDICTED:_RNA-binding_protein_MEX3B-like_[Biomphalaria_glabrata]"	"evgLocus_FX_21935_XP_012944947.1_PREDICTED:_uncharacterized_protein_LOC106013526_[Aplysia_californica]"
"evgLocus_FX_29732_XP_005103004.2_PREDICTED:_retinal_rod_rhodopsin-sensitive_cGMP_3',5'-cyclic_phosphodiesterase_subunit_delta-like_[Aplysia_californica]"	"evgLocus_FX_30662_XP_013085583.1_PREDICTED:_protein_unc-119_homolog_B-A-like_[Biomphalaria_glabrata]"
"evgLocus_Scallop_DRR_47735_XP_012936569.1_PREDICTED:_molybdate-anion_transporter-like_[Aplysia_californica]"	"evgLocus_FX_26415_XP_013090964.1_PREDICTED:_molybdate-anion_transporter-like_[Biomphalaria_glabrata]"
"evgLocus_Strawberry_DRR_9774_XP_005096808.2_PREDICTED:_ranBP-type_and_C3HC4-type_zinc_finger-containing_protein_1-like_[Aplysia_californica]"	"evgLocus_scallop_AF_6015_XP_005096808.2_PREDICTED:_ranBP-type_and_C3HC4-type_zinc_finger-containing_protein_1-like_[Aplysia_californica]"
"evgLocus_FX_34100_XP_009046727.1_hypothetical_protein_LOTGIDRAFT_237907_[Lottia_gigantea]"	"evgLocus_FX_34423_XP_009059557.1_hypothetical_protein_LOTGIDRAFT_204304_[Lottia_gigantea]"
"evgLocus_Stringtie_DRR_50320_XP_005105017.1_PREDICTED:_alkylated_DNA_repair_protein_alkB_homolog_8-like_[Aplysia_californica]"	"evgLocus_FX_36403_XP_005106234.1_PREDICTED:_alpha-ketoglutarate-dependent_dioxygenase_alkB_homolog_6-like_isoform_X2_[Aplysia_californica]"
"evgLocus_Trinity_AG_136694_XP_013090086.1_PREDICTED:_LOW_QUALITY_PROTEIN:_helicase_POLQ-like_[Biomphalaria_glabrata]"	"evgLocus_stringtie_AF_29361_XP_013084157.1_PREDICTED:_helicase_POLQ-like_[Biomphalaria_glabrata]"
"evgLocus_strawberry_AG_61619_XP_013068686.1_PREDICTED:_vacuolar_protein_sorting-associated_protein_13D-like_isoform_X8_[Biomphalaria_glabrata]"	"evgLocus_Scallop_DRR_70337_XP_012942033.1_PREDICTED:_vacuolar_protein_sorting-associated_protein_13D-like_[Aplysia_californica]"
"evgLocus_FX_17315_XP_013071853.1_PREDICTED:_zinc_finger_CCCH_domain-containing_protein_26-like_[Biomphalaria_glabrata]"	"evgLocus_FX_20825_XP_005089506.1_PREDICTED:_tRNA-dihydrouridine(47)_synthase_[NAD(P)(+)]-like_isoform_X1_[Aplysia_californica]"
"evgLocus_Trinity_AH_85195_XP_013079200.1_PREDICTED:_tetratricopeptide_repeat_protein_25-like_isoform_X2_[Biomphalaria_glabrata]"	"evgLocus_Trinity_AF_47000_XP_005106965.1_PREDICTED:_LOW_QUALITY_PROTEIN:_G-protein-signaling_modulator_2-like_[Aplysia_californica]"
"evgLocus_FX_23970_XP_013071205.1_PREDICTED:_mesencephalic_astrocyte-derived_neurotrophic_factor_homolog_[Biomphalaria_glabrata]"	"evgLocus_FPS_784_XP_005111963.1_PREDICTED:_mesencephalic_astrocyte-derived_neurotrophic_factor_homolog_[Aplysia_californica]"
"evgLocus_FX_28753_XP_013092460.1_PREDICTED:_ruvB-like_2_[Biomphalaria_glabrata]"	"evgLocus_FX_26628_XP_005106590.1_PREDICTED:_ruvB-like_1_[Aplysia_californica]"
"evgLocus_Scallop_AE_36179_XP_012937677.1_PREDICTED:_calcium-dependent_secretion_activator_1-like_isoform_X6_[Aplysia_californica]"	"evgLocus_Trinity_GG_DRR_120307_XP_012937675.1_PREDICTED:_calcium-dependent_secretion_activator_1-like_isoform_X3_[Aplysia_californica]"
"evgLocus_FX_19311_XP_013075676.1_PREDICTED:_acyl-protein_thioesterase_1-like_isoform_X1_[Biomphalaria_glabrata]"	"evgLocus_Trinity_RF_Nov18_95695_XP_013075685.1_PREDICTED:_acyl-protein_thioesterase_1-like_isoform_X2_[Biomphalaria_glabrata]"
"evgLocus_FX_18030_XP_013085585.1_PREDICTED:_E3_ubiquitin-protein_ligase_Bre1-like_[Biomphalaria_glabrata]"	"evgLocus_strawberry_AE_31869_XP_013085585.1_PREDICTED:_E3_ubiquitin-protein_ligase_Bre1-like_[Biomphalaria_glabrata]"
"evgLocus_Trinity_AG_106839_XP_005110851.1_PREDICTED:_protein_DENND6B-like_isoform_X1_[Aplysia_californica]"	"evgLocus_FX_17886_XP_012944865.1_PREDICTED:_protein_DENND6B-like_isoform_X2_[Aplysia_californica]"
"evgLocus_Trinity_GG_DRR_92025_AAO83846.1_synaptosomal-associated_25_protein_isoform_A_[Lymnaea_stagnalis]"	"evgLocus_Trinity_RF_Nov18_12214_AAO83846.1_synaptosomal-associated_25_protein_isoform_A_[Lymnaea_stagnalis]"
"evgLocus_Scallop_DRR_28824_XP_013084227.1_PREDICTED:_sodium-dependent_lysophosphatidylcholine_symporter_1-B-like_[Biomphalaria_glabrata]"	"evgLocus_FX_20306_XP_013085891.1_PREDICTED:_major_facilitator_superfamily_domain-containing_protein_12-like_isoform_X1_[Biomphalaria_glabrata]"
"evgLocus_FX_23744_XP_013069411.1_PREDICTED:_putative_ATP-dependent_RNA_helicase_DHX57_[Biomphalaria_glabrata]"	"evgLocus_Trinity_AG_111484_XP_013069411.1_PREDICTED:_putative_ATP-dependent_RNA_helicase_DHX57_[Biomphalaria_glabrata]"
"evgLocus_Scallop_AE_30524_XP_013075548.1_PREDICTED:_trinucleotide_repeat-containing_gene_6C_protein-like_isoform_X1_[Biomphalaria_glabrata]"	"evgLocus_Scallop_AE_30522_XP_013075551.1_PREDICTED:_trinucleotide_repeat-containing_gene_6C_protein-like_isoform_X3_[Biomphalaria_glabrata]"
"evgLocus_FX_21879_XP_005106021.1_PREDICTED:_major_facilitator_superfamily_domain-containing_protein_1-like_[Aplysia_californica]"	"evgLocus_Scallop_AE_39439_XP_013084955.1_PREDICTED:_major_facilitator_superfamily_domain-containing_protein_1-like_isoform_X1_[Biomphalaria_glabrata]"
"evgLocus_strawberry_AG_15405_XP_021354610.1_major_facilitator_superfamily_domain-containing_protein_6-like_[Mizuhopecten_yessoensis]"	"evgLocus_stringtie_AF_29916_XP_013061832.1_PREDICTED:_major_facilitator_superfamily_domain-containing_protein_6-like_[Biomphalaria_glabrata]"
"evgLocus_Strawberry_DRR_30947_XP_009064605.1_hypothetical_protein_LOTGIDRAFT_54531,_partial_[Lottia_gigantea]"	"evgLocus_Trinity_AF_115499_XP_009064605.1_hypothetical_protein_LOTGIDRAFT_54531,_partial_[Lottia_gigantea]"
"evgLocus_Trinity_AE_127168_XP_013068546.1_PREDICTED:_uncharacterized_protein_LOC106056382_isoform_X1_[Biomphalaria_glabrata]"	"evgLocus_FX_17247_XP_005094979.2_PREDICTED:_cytosolic_phospholipase_A2-like_[Aplysia_californica]"
"evgLocus_Trinity_AG_27316_XP_013071100.1_PREDICTED:_melanoma_inhibitory_activity_protein_3-like_isoform_X5_[Biomphalaria_glabrata]"	"evgLocus_FX_16792_XP_013071100.1_PREDICTED:_melanoma_inhibitory_activity_protein_3-like_isoform_X5_[Biomphalaria_glabrata]"
"evgLocus_scallop_AH_447_XP_013077442.1_PREDICTED:_palmitoyl-protein_thioesterase_1-like_[Biomphalaria_glabrata]"	"evgLocus_scallop_AF_33610_XP_013087438.1_PREDICTED:_lysosomal_thioesterase_PPT2-A-like_isoform_X1_[Biomphalaria_glabrata]"
"evgLocus_strawberry_AF_27293_XP_013082116.1_PREDICTED:_proton-associated_sugar_transporter_A-like_[Biomphalaria_glabrata]"	"evgLocus_Scallop_AE_11699_XP_005108292.1_PREDICTED:_solute_carrier_family_45_member_3-like_[Aplysia_californica]"
"evgLocus_FPS_2598_XP_005109352.1_PREDICTED:_CKLF-like_MARVEL_transmembrane_domain-containing_protein_4_[Aplysia_californica]"	"evgLocus_FX_35387_XP_013066437.1_PREDICTED:_CKLF-like_MARVEL_transmembrane_domain-containing_protein_4_[Biomphalaria_glabrata]"
"evgLocus_Stringtie_DRR_24128_*"	"evgLocus_stringtie_AE_21310_XP_005099697.2_PREDICTED:_uncharacterized_protein_LOC101860576_[Aplysia_californica]"
"evgLocus_FX_40823_XP_013092019.1_PREDICTED:_thioredoxin-like_protein_4A_[Biomphalaria_glabrata]"	"evgLocus_FX_21965_XP_013075209.1_PREDICTED:_thioredoxin-like_protein_4B_[Biomphalaria_glabrata]"
"evgLocus_FX_20365_XP_005097235.1_PREDICTED:_solute_carrier_family_15_member_4-like_isoform_X2_[Aplysia_californica]"	"evgLocus_FX_25313_XP_013068379.1_PREDICTED:_solute_carrier_family_15_member_4-like_[Biomphalaria_glabrata]"
"evgLocus_Trinity_AF_52592_XP_012944119.1_PREDICTED:_protein_fantom-like_[Aplysia_californica]"	"evgLocus_Trinity_AF_52590_XP_012944119.1_PREDICTED:_protein_fantom-like_[Aplysia_californica]"
"evgLocus_FX_31506_XP_005091016.1_PREDICTED:_cleavage_and_polyadenylation_specificity_factor_subunit_4-like_[Aplysia_californica]"	"evgLocus_FX_19026_XP_013084961.1_PREDICTED:_zinc_finger_CCCH_domain-containing_protein_3-like_isoform_X1_[Biomphalaria_glabrata]"
"evgLocus_FX_20108_XP_013081121.1_PREDICTED:_uncharacterized_protein_LOC106066597_[Biomphalaria_glabrata]"
"evgLocus_strawberry_AG_42453_XP_013077507.1_PREDICTED:_DENN_domain-containing_protein_3-like_[Biomphalaria_glabrata]"
"evgLocus_stringtie_AH_36866_XP_013082292.1_PREDICTED:_uncharacterized_protein_LOC106067627_[Biomphalaria_glabrata]"
"evgLocus_FX_25100_XP_012934557.1_PREDICTED:_E3_ubiquitin-protein_ligase_rififylin-like_[Aplysia_californica]"
"evgLocus_FX_26463_*"
"evgLocus_Strawberry_DRR_29145_AAK83049.1_synapsin_isoform_7.1_[Aplysia_californica]"
"evgLocus_FX_18402_XP_013061244.1_PREDICTED:_fragile_X_mental_retardation_syndrome-related_protein_1-like_isoform_X1_[Biomphalaria_glabrata]"
"evgLocus_strawberry_AG_41478_XP_013080887.1_PREDICTED:_copper-transporting_ATPase_1-like_isoform_X2_[Biomphalaria_glabrata]"
"evgLocus_FX_26617_XP_005100296.1_PREDICTED:_DNA_polymerase_beta-like_[Aplysia_californica]"
"evgLocus_Trinity_RF_Nov18_36001_XP_005089026.1_PREDICTED:_complexin-like_[Aplysia_californica]"
"evgLocus_FX_18247_XP_005102304.1_PREDICTED:_ATP-dependent_Clp_protease_ATP-binding_subunit_clpX-like,_mitochondrial_[Aplysia_californica]"
"evgLocus_strawberry_AH_18202_XP_012937640.1_PREDICTED:_synaptojanin-1-like_[Aplysia_californica]"
"evgLocus_Scallop_AE_13401_XP_012939761.1_PREDICTED:_protein_FAM135A-like_isoform_X2_[Aplysia_californica]"
"evgLocus_FX_41348_XP_005093290.1_PREDICTED:_TP53-regulating_kinase-like_[Aplysia_californica]"
"evgLocus_FX_17239_XP_013070380.1_PREDICTED:_E3_ubiquitin-protein_ligase_listerin-like_[Biomphalaria_glabrata]"
"evgLocus_Trinity_AH_15423_XP_013086476.1_PREDICTED:_RING_finger_protein_unkempt-like_isoform_X2_[Biomphalaria_glabrata]"
"evgLocus_FX_24700_XP_005091177.1_PREDICTED:_translation_factor_Guf1,_mitochondrial-like_isoform_X1_[Aplysia_californica]"
"evgLocus_Trinity_AF_103781_XP_012944731.1_PREDICTED:_SPARC-related_modular_calcium-binding_protein_1-like_isoform_X2_[Aplysia_californica]"
"evgLocus_FX_21576_XP_005108633.2_PREDICTED:_uncharacterized_protein_LOC101850035_[Aplysia_californica]"
"evgLocus_stringtie_AF_45704_XP_012934975.1_PREDICTED:_caskin-1-like_isoform_X1_[Aplysia_californica]"
"evgLocus_Scallop_AE_28644_XP_013087998.1_PREDICTED:_43_kDa_receptor-associated_protein_of_the_synapse-like,_partial_[Biomphalaria_glabrata]"
"evgLocus_FPS_529_XP_005106382.1_PREDICTED:_synaptogyrin-2-like_[Aplysia_californica]"
"evgLocus_Scallop_DRR_40036_XP_013081533.1_PREDICTED:_GTPase-activating_protein_and_VPS9_domain-containing_protein_1-like_[Biomphalaria_glabrata]"
"evgLocus_FX_32552_XP_013091852.1_PREDICTED:_biogenesis_of_lysosome-related_organelles_complex_1_subunit_6-like,_partial_[Biomphalaria_glabrata]"
"evgLocus_FX_20584_XP_013065391.1_PREDICTED:_uncharacterized_protein_LOC106054176_[Biomphalaria_glabrata]"
"evgLocus_FX_26789_XP_005100204.2_PREDICTED:_probable_serine/threonine-protein_kinase_irlF_[Aplysia_californica]"
"evgLocus_FX_16448_XP_013074231.1_PREDICTED:_ubiquitin_carboxyl-terminal_hydrolase_24-like_isoform_X1_[Biomphalaria_glabrata]"
"evgLocus_FX_22363_XP_005093888.1_PREDICTED:_ubiquitin-associated_domain-containing_protein_2-like_isoform_X1_[Aplysia_californica]"
"evgLocus_FX_19552_XP_013094568.1_PREDICTED:_uncharacterized_protein_LOC106078270_[Biomphalaria_glabrata]"
"evgLocus_FX_21997_XP_005108080.1_PREDICTED:_nucleoporin-like_protein_2_[Aplysia_californica]"
"evgLocus_strawberry_AH_26985_XP_013078638.1_PREDICTED:_adenylate_kinase_9-like_[Biomphalaria_glabrata]"
"evgLocus_FX_33080_XP_013078911.1_PREDICTED:_uncharacterized_protein_LOC106064829_[Biomphalaria_glabrata]"
"evgLocus_Trinity_AE_85175_*"
"evgLocus_Trinity_AE_116938_*"
"evgLocus_FX_28145_XP_012944992.1_PREDICTED:_protein_quiver-like_[Aplysia_californica]"
"evgLocus_FX_20159_XP_013075235.1_PREDICTED:_adenylate_kinase_isoenzyme_6-like_[Biomphalaria_glabrata]"
"evgLocus_FX_18418_XP_013073936.1_PREDICTED:_toll-interacting_protein-like_isoform_X1_[Biomphalaria_glabrata]"
"evgLocus_strawberry_AF_208_XP_005091793.1_PREDICTED:_uncharacterized_protein_LOC101849032_[Aplysia_californica]"
"evgLocus_FX_24426_XP_005095682.1_PREDICTED:_zinc_finger_matrin-type_protein_5-like_[Aplysia_californica]"
"evgLocus_Trinity_AG_120439_XP_013091719.1_PREDICTED:_peroxisome_biogenesis_factor_2-like_[Biomphalaria_glabrata]"
"evgLocus_strawberry_AG_22022_XP_012937700.1_PREDICTED:_synaptophysin-like_protein_1_isoform_X4_[Aplysia_californica]"
"evgLocus_strawberry_AH_6085_NP_001267763.1_acetylcholinesterase-like_precursor_[Aplysia_californica]"
"evgLocus_scallop_AF_9553_XP_005090544.1_PREDICTED:_N-terminal_EF-hand_calcium-binding_protein_1-like_[Aplysia_californica]"
"evgLocus_FX_46657_*"
"evgLocus_FX_30625_XP_013064821.1_PREDICTED:_cancer-related_nucleoside-triphosphatase_homolog_isoform_X1_[Biomphalaria_glabrata]"
"evgLocus_FPS_5412_*"
"evgLocus_FX_22529_XP_013089309.1_PREDICTED:_sec1_family_domain-containing_protein_2-like_[Biomphalaria_glabrata]"
"evgLocus_Scallop_DRR_9504_XP_012940573.1_PREDICTED:_uncharacterized_protein_LOC101855808_isoform_X2_[Aplysia_californica]"
"evgLocus_FX_31097_XP_013068695.1_PREDICTED:_uncharacterized_protein_LOC106056465_isoform_X1_[Biomphalaria_glabrata]"
"evgLocus_FX_31556_XP_005103495.1_PREDICTED:_26S_proteasome_non-ATPase_regulatory_subunit_9-like_[Aplysia_californica]"
"evgLocus_stringtie_AF_25476_*"
"evgLocus_FX_37656_XP_005099241.1_PREDICTED:_transcription_elongation_factor_A_N-terminal_and_central_domain-containing_protein_2-like_[Aplysia_californica]"
"evgLocus_FPS_1721_XP_013062010.1_PREDICTED:_ovarian_cancer-associated_gene_2_protein_homolog_[Biomphalaria_glabrata]"
"evgLocus_FX_28695_XP_013075444.1_PREDICTED:_activating_signal_cointegrator_1_complex_subunit_1-like_[Biomphalaria_glabrata]"
"evgLocus_FX_24750_XP_012939875.1_PREDICTED:_60S_ribosomal_protein_L7_[Aplysia_californica]"
"evgLocus_Scallop_AE_18172_XP_009058989.1_hypothetical_protein_LOTGIDRAFT_233825_[Lottia_gigantea]"
"evgLocus_FX_18505_XP_012945548.1_PREDICTED:_E3_ubiquitin-protein_ligase_DTX4-like_isoform_X3_[Aplysia_californica]"
"evgLocus_FPS_107_XP_013077005.1_PREDICTED:_metal_homeostasis_factor_ATX1-like_[Biomphalaria_glabrata]"
"evgLocus_FX_24343_XP_013090053.1_PREDICTED:_alkylated_DNA_repair_protein_alkB_homolog_1-like_[Biomphalaria_glabrata]"
"evgLocus_Trinity_AE_56013_XP_013072207.1_PREDICTED:_coiled-coil_and_C2_domain-containing_protein_1-like_isoform_X1_[Biomphalaria_glabrata]"
"evgLocus_stringtie_AG_28538_XP_013091300.1_PREDICTED:_uncharacterized_protein_LOC106074944_[Biomphalaria_glabrata]"
"evgLocus_FX_18233_XP_013085733.1_PREDICTED:_LETM1_and_EF-hand_domain-containing_protein_1,_mitochondrial-like_isoform_X1_[Biomphalaria_glabrata]"
"evgLocus_Scallop_DRR_33293_XP_013093793.1_PREDICTED:_alpha-ketoglutarate-dependent_dioxygenase_alkB_homolog_7,_mitochondrial-like_[Biomphalaria_glabrata]"
"evgLocus_FX_31477_XP_005098867.1_PREDICTED:_syntaxin-6-like_[Aplysia_californica]"
"evgLocus_FX_23925_XP_013076132.1_PREDICTED:_peroxisomal_membrane_protein_PEX13-like_isoform_X1_[Biomphalaria_glabrata]"
"evgLocus_FX_29044_XP_013083261.1_PREDICTED:_calcium_channel_flower_homolog_[Biomphalaria_glabrata]"
"evgLocus_FX_17240_XP_005103672.1_PREDICTED:_ERC_protein_2-like_isoform_X1_[Aplysia_californica]"
"evgLocus_FPS_3692_XP_005109651.1_PREDICTED:_copper_chaperone_for_superoxide_dismutase-like_isoform_X2_[Aplysia_californica]"
"evgLocus_FX_23734_XP_013081789.1_PREDICTED:_serine_protease_HTRA2,_mitochondrial-like_[Biomphalaria_glabrata]"
"evgLocus_stringtie_AE_11595_*"
"evgLocus_FX_23415_XP_013095359.1_PREDICTED:_SNARE-associated_protein_Snapin-like_[Biomphalaria_glabrata]"
"evgLocus_strawberry_AG_63039_XP_013074560.1_PREDICTED:_flocculation_protein_FLO11-like_[Biomphalaria_glabrata]"
"evgLocus_Scallop_AE_23501_XP_013070217.1_PREDICTED:_uncharacterized_protein_LOC106057528_[Biomphalaria_glabrata]"
"evgLocus_stringtie_AE_56135_XP_013060594.1_PREDICTED:_C2_domain-containing_protein_3-like_[Biomphalaria_glabrata]"
"evgLocus_Scallop_AE_2312_XP_013090612.1_PREDICTED:_ubiquitin-like_protein_7_[Biomphalaria_glabrata]"
"evgLocus_FPS_7154_XP_013090994.1_PREDICTED:_probable_peptidyl-tRNA_hydrolase_2_[Biomphalaria_glabrata]"
"evgLocus_FPS_3062_XP_013086095.1_PREDICTED:_FK506-binding_protein_2-like_[Biomphalaria_glabrata]"
"evgLocus_stringtie_AE_33751_XP_005103199.1_PREDICTED:_uncharacterized_protein_LOC101859953_[Aplysia_californica]"
"evgLocus_scallop_AH_86_XP_013083143.1_PREDICTED:_ubiquitin-associated_domain-containing_protein_1-like_[Biomphalaria_glabrata]"
"evgLocus_FX_25951_XP_013084159.1_PREDICTED:_RING_finger_protein_37-like,_partial_[Biomphalaria_glabrata]"
"evgLocus_Trinity_AH_44406_XP_005095652.1_PREDICTED:_protein_disulfide-isomerase_like_2-1-like_isoform_X1_[Aplysia_californica]"
"evgLocus_FX_18849_XP_013077436.1_PREDICTED:_UV_excision_repair_protein_RAD23_homolog_B-like_[Biomphalaria_glabrata]"
"evgLocus_Trinity_AE_48479_XP_012940918.1_PREDICTED:_tudor_domain-containing_protein_3-like_[Aplysia_californica]"
"evgLocus_FX_22953_XP_005105105.1_PREDICTED:_RNA-binding_E3_ubiquitin-protein_ligase_MEX3C-like_[Aplysia_californica]"
"evgLocus_FX_22384_*"
"evgLocus_FX_39734_XP_013075097.1_PREDICTED:_uncharacterized_protein_LOC106061481_[Biomphalaria_glabrata]"
"evgLocus_FX_18961_XP_013064914.1_PREDICTED:_ubiquilin-1-like_[Biomphalaria_glabrata]"
"evgLocus_strawberry_AH_20537_XP_012942759.1_PREDICTED:_kinesin-like_protein_KIF28P_[Aplysia_californica]"
"evgLocus_FX_21370_XP_013070618.1_PREDICTED:_zinc_finger_CCCH_domain-containing_protein_15-like_isoform_X1_[Biomphalaria_glabrata]"
"evgLocus_FX_17710_XP_005093890.1_PREDICTED:_rab3_GTPase-activating_protein_catalytic_subunit-like_[Aplysia_californica]"
"evgLocus_strawberry_AE_50094_XP_005102137.1_PREDICTED:_poly_[ADP-ribose]_polymerase_6-like_isoform_X2_[Aplysia_californica]"
"evgLocus_scallop_AF_26305_XP_013088414.1_PREDICTED:_polyribonucleotide_nucleotidyltransferase_1,_mitochondrial-like_[Biomphalaria_glabrata]"
"evgLocus_Scallop_AE_13528_XP_013067729.1_PREDICTED:_muscleblind-like_protein_2a_isoform_X8_[Biomphalaria_glabrata]"
"evgLocus_FX_21705_XP_013065573.1_PREDICTED:_NEDD8_ultimate_buster_1-like_[Biomphalaria_glabrata]"
"evgLocus_FX_33004_XP_005092370.1_PREDICTED:_bridging_integrator_3-like_[Aplysia_californica]"
"evgLocus_Trinity_AG_5054_XP_013090911.1_PREDICTED:_roquin-1-like_[Biomphalaria_glabrata]"
"evgLocus_FX_24545_XP_013094685.1_PREDICTED:_zinc_finger_CCCH_domain-containing_protein_10-like_isoform_X1_[Biomphalaria_glabrata]"
"evgLocus_FX_31468_XP_013062198.1_PREDICTED:_GPN-loop_GTPase_1-like_[Biomphalaria_glabrata]"
"evgLocus_FX_19088_XP_013069100.1_PREDICTED:_ubiquitin-conjugating_enzyme_E2-22_kDa-like_[Biomphalaria_glabrata]"
"evgLocus_scallop_AH_24140_XP_013080848.1_PREDICTED:_coiled-coil_and_C2_domain-containing_protein_2A-like_isoform_X5_[Biomphalaria_glabrata]"
"evgLocus_FX_24455_XP_013088522.1_PREDICTED:_protein_DDI1_homolog_2-like_isoform_X1_[Biomphalaria_glabrata]"
"evgLocus_stringtie_AE_49310_XP_005092258.1_PREDICTED:_uncharacterized_protein_LOC101853914_[Aplysia_californica]"
"evgLocus_stringtie_AE_30362_*"
"evgLocus_FX_52941_XP_013088051.1_PREDICTED:_nuclear_receptor_2C2-associated_protein-like_[Biomphalaria_glabrata]"
"evgLocus_FX_19307_XP_013083691.1_PREDICTED:_serine/threonine-protein_phosphatase_1_regulatory_subunit_10-like_isoform_X2_[Biomphalaria_glabrata]"
"evgLocus_FX_22131_XP_013079269.1_PREDICTED:_uncharacterized_protein_LOC106065054_[Biomphalaria_glabrata]"
"evgLocus_FX_32690_XP_013092069.1_PREDICTED:_RING_finger_protein_121-like_isoform_X1_[Biomphalaria_glabrata]"
"evgLocus_FX_19172_XP_013072965.1_PREDICTED:_uncharacterized_protein_LOC106059828,_partial_[Biomphalaria_glabrata]"
"evgLocus_FX_29682_XP_013075342.1_PREDICTED:_DNA_repair_protein_XRCC2-like_[Biomphalaria_glabrata]"
"evgLocus_FX_29676_XP_013090505.1_PREDICTED:_uncharacterized_protein_LOC106074301_[Biomphalaria_glabrata]"
"evgLocus_FPS_10040_XP_013074309.1_PREDICTED:_short_coiled-coil_protein_B-like_[Biomphalaria_glabrata]"
"evgLocus_Trinity_AF_30341_XP_013096265.1_PREDICTED:_DNA_excision_repair_protein_ERCC-1-like_[Biomphalaria_glabrata]"
"evgLocus_FX_16438_XP_013070291.1_PREDICTED:_probable_helicase_with_zinc_finger_domain_[Biomphalaria_glabrata]"
"evgLocus_FX_33958_XP_013062636.1_PREDICTED:_RNA_demethylase_ALKBH5-like_[Biomphalaria_glabrata]"
"evgLocus_FX_17355_XP_012940282.1_PREDICTED:_nucleobindin-2-like,_partial_[Aplysia_californica]"
"evgLocus_FX_22156_XP_013065221.1_PREDICTED:_probable_E3_ubiquitin-protein_ligase_makorin-1_[Biomphalaria_glabrata]"
"evgLocus_FPS_3156_XP_005089718.1_PREDICTED:_protein_pygopus-like_[Aplysia_californica]"
"evgLocus_FX_19350_XP_005100419.1_PREDICTED:_centrosomal_protein_of_120_kDa-like_[Aplysia_californica]"
"evgLocus_FX_21086_XP_005100171.2_PREDICTED:_UNC93-like_protein_MFSD11_[Aplysia_californica]"
"evgLocus_scallop_AF_1761_XP_013065798.1_PREDICTED:_RNA_polymerase-associated_protein_CTR9_homolog_[Biomphalaria_glabrata]"
"evgLocus_FX_32066_XP_005109012.1_PREDICTED:_nitric_oxide_synthase-interacting_protein-like_[Aplysia_californica]"
"evgLocus_stringtie_AH_20755_XP_013065871.1_PREDICTED:_uncharacterized_protein_LOC106054528_isoform_X1_[Biomphalaria_glabrata]"
